"Region Code","Timestamp (Hour Ending)","Demand (MWh)","Demand Forecast (MWh)","Net Generation (MWh)","Total Interchange (MWh)"
CAL,"11/30/2019 12 a.m. EST",31759,31597,18677,-9372
CAL,"11/30/2019 1 a.m. EST",30910,30713,18101,-9221
CAL,"11/30/2019 2 a.m. EST",29230,29301,16891,-8834
CAL,"11/30/2019 3 a.m. EST",27559,27673,15924,-8632
CAL,"11/30/2019 4 a.m. EST",26316,26588,15095,-8563
CAL,"11/30/2019 5 a.m. EST",25559,25697,14551,-8573
CAL,"11/30/2019 6 a.m. EST",24909,25162,14274,-8497
CAL,"11/30/2019 7 a.m. EST",24656,24905,14457,-8204
CAL,"11/30/2019 8 a.m. EST",24869,25189,14600,-8059
CAL,"11/30/2019 9 a.m. EST",25547,25992,15074,-7923
CAL,"11/30/2019 10 a.m. EST",26436,27062,15612,-8109
CAL,"11/30/2019 11 a.m. EST",26585,27706,17193,-7412
CAL,"11/30/2019 12 p.m. EST",27000,28074,18155,-7024
CAL,"11/30/2019 1 p.m. EST",27761,27999,19560,-7068
CAL,"11/30/2019 2 p.m. EST",28220,27931,19682,-6974
CAL,"11/30/2019 3 p.m. EST",27815,27658,19481,-6559
CAL,"11/30/2019 4 p.m. EST",28322,27445,18880,-7177
CAL,"11/30/2019 5 p.m. EST",28709,27281,19789,-7775
CAL,"11/30/2019 6 p.m. EST",29050,27436,19304,-7502
CAL,"11/30/2019 7 p.m. EST",29923,28056,18387,-7714
CAL,"11/30/2019 8 p.m. EST",31404,29682,19143,-8527
CAL,"11/30/2019 9 p.m. EST",32989,32470,18977,-9310
CAL,"11/30/2019 10 p.m. EST",32892,32735,19128,-9284
CAL,"11/30/2019 11 p.m. EST",32377,32110,18995,-9105
CAL,"12/1/2019 12 a.m. EST",31682,31281,18655,-9363
CAL,"12/1/2019 1 a.m. EST",30679,30282,17860,-9134
CAL,"12/1/2019 2 a.m. EST",29034,28760,16853,-8546
CAL,"12/1/2019 3 a.m. EST",27246,27232,15639,-8153
CAL,"12/1/2019 4 a.m. EST",25986,25460,15095,-7939
CAL,"12/1/2019 5 a.m. EST",25101,24520,14856,-7554
CAL,"12/1/2019 6 a.m. EST",24512,23871,14503,-7552
CAL,"12/1/2019 7 a.m. EST",24134,23522,14341,-7592
CAL,"12/1/2019 8 a.m. EST",24020,23578,14435,-7548
CAL,"12/1/2019 9 a.m. EST",24425,24192,14272,-7522
CAL,"12/1/2019 10 a.m. EST",25256,25028,15035,-8012
CAL,"12/1/2019 11 a.m. EST",25644,25518,16259,-7840
CAL,"12/1/2019 12 p.m. EST",26309,25651,17378,-7901
CAL,"12/1/2019 1 p.m. EST",26620,25511,18200,-7168
CAL,"12/1/2019 2 p.m. EST",26861,25205,17768,-7355
CAL,"12/1/2019 3 p.m. EST",26837,24752,18469,-7097
CAL,"12/1/2019 4 p.m. EST",26922,24559,18672,-6600
CAL,"12/1/2019 5 p.m. EST",27035,24585,18808,-6501
CAL,"12/1/2019 6 p.m. EST",27379,25084,18392,-6406
CAL,"12/1/2019 7 p.m. EST",28555,26050,17762,-7355
CAL,"12/1/2019 8 p.m. EST",30454,28315,18843,-8249
CAL,"12/1/2019 9 p.m. EST",32742,31742,19601,-8258
CAL,"12/1/2019 10 p.m. EST",33017,32431,19662,-8480
CAL,"12/1/2019 11 p.m. EST",32503,32098,19497,-8552
CAL,"12/2/2019 12 a.m. EST",31785,31406,19013,-8848
CAL,"12/2/2019 1 a.m. EST",30354,30204,17881,-8705
CAL,"12/2/2019 2 a.m. EST",28264,28319,16441,-8345
CAL,"12/2/2019 3 a.m. EST",26225,26367,15391,-7829
CAL,"12/2/2019 4 a.m. EST",25501,25022,15596,-7585
CAL,"12/2/2019 5 a.m. EST",24760,24178,14985,-7307
CAL,"12/2/2019 6 a.m. EST",24290,23676,14801,-7186
CAL,"12/2/2019 7 a.m. EST",24249,23713,14990,-7267
CAL,"12/2/2019 8 a.m. EST",25144,24458,15721,-7549
CAL,"12/2/2019 9 a.m. EST",27036,26447,17235,-7568
CAL,"12/2/2019 10 a.m. EST",29875,29404,19594,-7561
CAL,"12/2/2019 11 a.m. EST",31353,31078,20843,-7575
CAL,"12/2/2019 12 p.m. EST",30987,31275,22108,-6935
CAL,"12/2/2019 1 p.m. EST",30513,31137,21875,-6409
CAL,"12/2/2019 2 p.m. EST",29988,30912,22011,-6003
CAL,"12/2/2019 3 p.m. EST",29767,30687,21142,-5810
CAL,"12/2/2019 4 p.m. EST",30006,30556,21346,-6479
CAL,"12/2/2019 5 p.m. EST",30404,30663,21010,-6893
CAL,"12/2/2019 6 p.m. EST",30530,30974,21016,-6888
CAL,"12/2/2019 7 p.m. EST",31568,31451,19870,-7772
CAL,"12/2/2019 8 p.m. EST",33130,33048,21444,-8294
CAL,"12/2/2019 9 p.m. EST",35297,35584,21085,-8822
CAL,"12/2/2019 10 p.m. EST",35345,35781,21221,-9114
CAL,"12/2/2019 11 p.m. EST",34648,35168,20898,-8793
CAL,"12/3/2019 12 a.m. EST",33753,34075,19954,-8826
CAL,"12/3/2019 1 a.m. EST",32335,32332,18867,-9103
CAL,"12/3/2019 2 a.m. EST",29944,29901,17213,-8707
CAL,"12/3/2019 3 a.m. EST",27664,27632,16277,-8175
CAL,"12/3/2019 4 a.m. EST",26444,25730,15347,-7982
CAL,"12/3/2019 5 a.m. EST",25496,24884,14772,-7966
CAL,"12/3/2019 6 a.m. EST",24815,24340,14190,-7909
CAL,"12/3/2019 7 a.m. EST",24503,24283,14061,-7763
CAL,"12/3/2019 8 a.m. EST",25091,24994,14515,-7503
CAL,"12/3/2019 9 a.m. EST",26970,27125,16301,-7777
CAL,"12/3/2019 10 a.m. EST",30045,30112,18495,-8411
CAL,"12/3/2019 11 a.m. EST",31632,31750,19464,-8861
CAL,"12/3/2019 12 p.m. EST",31566,31791,20185,-8689
CAL,"12/3/2019 1 p.m. EST",31344,31553,20516,-7991
CAL,"12/3/2019 2 p.m. EST",31097,31297,20618,-7947
CAL,"12/3/2019 3 p.m. EST",30967,31021,20510,-7753
CAL,"12/3/2019 4 p.m. EST",30975,30900,20510,-7984
CAL,"12/3/2019 5 p.m. EST",31329,30994,20044,-8177
CAL,"12/3/2019 6 p.m. EST",31675,31185,19656,-8497
CAL,"12/3/2019 7 p.m. EST",32244,31434,19646,-8535
CAL,"12/3/2019 8 p.m. EST",33511,32906,21466,-8449
CAL,"12/3/2019 9 p.m. EST",35426,35586,21194,-8787
CAL,"12/3/2019 10 p.m. EST",35428,35635,20194,-9521
CAL,"12/3/2019 11 p.m. EST",34910,34994,20088,-9739
CAL,"12/4/2019 12 a.m. EST",33916,34005,19156,-9674
CAL,"12/4/2019 1 a.m. EST",32284,32381,18071,-9566
CAL,"12/4/2019 2 a.m. EST",29837,29995,16561,-9134
CAL,"12/4/2019 3 a.m. EST",27506,27698,15503,-8432
CAL,"12/4/2019 4 a.m. EST",26154,25989,14879,-8718
CAL,"12/4/2019 5 a.m. EST",25174,25073,14252,-8434
CAL,"12/4/2019 6 a.m. EST",24501,24431,14250,-8231
CAL,"12/4/2019 7 a.m. EST",24394,24286,14375,-8057
CAL,"12/4/2019 8 a.m. EST",25019,24901,14600,-8138
CAL,"12/4/2019 9 a.m. EST",26838,26764,16220,-8539
CAL,"12/4/2019 10 a.m. EST",29825,29694,18380,-9347
CAL,"12/4/2019 11 a.m. EST",31797,31414,19362,-9702
CAL,"12/4/2019 12 p.m. EST",32737,31977,21057,-10070
CAL,"12/4/2019 1 p.m. EST",33367,32156,21143,-9887
CAL,"12/4/2019 2 p.m. EST",33779,32045,21941,-9699
CAL,"12/4/2019 3 p.m. EST",33333,31917,22061,-9518
CAL,"12/4/2019 4 p.m. EST",32651,31738,21259,-9069
CAL,"12/4/2019 5 p.m. EST",32345,31552,20284,-9494
CAL,"12/4/2019 6 p.m. EST",32280,31375,20034,-9330
CAL,"12/4/2019 7 p.m. EST",32504,31687,19530,-9485
CAL,"12/4/2019 8 p.m. EST",33727,32618,20743,-9815
CAL,"12/4/2019 9 p.m. EST",35731,35240,20437,-10313
CAL,"12/4/2019 10 p.m. EST",35708,35316,20667,-10595
CAL,"12/4/2019 11 p.m. EST",35008,34736,20152,-10144
CAL,"12/5/2019 12 a.m. EST",34041,33772,19652,-10253
CAL,"12/5/2019 1 a.m. EST",32384,32198,18082,-9858
CAL,"12/5/2019 2 a.m. EST",29936,29891,16248,-9540
CAL,"12/5/2019 3 a.m. EST",27632,27693,15069,-9300
CAL,"12/5/2019 4 a.m. EST",26301,25794,14674,-8891
CAL,"12/5/2019 5 a.m. EST",25361,24847,14344,-8644
CAL,"12/5/2019 6 a.m. EST",24723,24190,14370,-8274
CAL,"12/5/2019 7 a.m. EST",24561,24096,14325,-8069
CAL,"12/5/2019 8 a.m. EST",25172,24771,14893,-7997
CAL,"12/5/2019 9 a.m. EST",27096,26629,16300,-8660
CAL,"12/5/2019 10 a.m. EST",30046,29539,18211,-9241
CAL,"12/5/2019 11 a.m. EST",31314,31044,20142,-8984
CAL,"12/5/2019 12 p.m. EST",30769,31114,20804,-7624
CAL,"12/5/2019 1 p.m. EST",29922,30759,20747,-6602
CAL,"12/5/2019 2 p.m. EST",29599,30374,21756,-6383
CAL,"12/5/2019 3 p.m. EST",29404,29946,21299,-6379
CAL,"12/5/2019 4 p.m. EST",29611,29792,20998,-6496
CAL,"12/5/2019 5 p.m. EST",30141,29952,20322,-7255
CAL,"12/5/2019 6 p.m. EST",30300,30225,18884,-7870
CAL,"12/5/2019 7 p.m. EST",31095,30807,19278,-7621
CAL,"12/5/2019 8 p.m. EST",32957,32410,21388,-8431
CAL,"12/5/2019 9 p.m. EST",35184,35071,21552,-8615
CAL,"12/5/2019 10 p.m. EST",35144,35177,21004,-9368
CAL,"12/5/2019 11 p.m. EST",34597,34602,20884,-9093
CAL,"12/6/2019 12 a.m. EST",33759,33611,20327,-9210
CAL,"12/6/2019 1 a.m. EST",32257,32039,19020,-9176
CAL,"12/6/2019 2 a.m. EST",29927,29741,17492,-8734
CAL,"12/6/2019 3 a.m. EST",27726,27476,15942,-8289
CAL,"12/6/2019 4 a.m. EST",26182,25502,15066,-7916
CAL,"12/6/2019 5 a.m. EST",25177,24561,14610,-7620
CAL,"12/6/2019 6 a.m. EST",24544,23916,14597,-7377
CAL,"12/6/2019 7 a.m. EST",24367,23817,14588,-7213
CAL,"12/6/2019 8 a.m. EST",25003,24526,14818,-7126
CAL,"12/6/2019 9 a.m. EST",26850,26356,16581,-7821
CAL,"12/6/2019 10 a.m. EST",29784,29271,18837,-8369
CAL,"12/6/2019 11 a.m. EST",30986,30654,20389,-7498
CAL,"12/6/2019 12 p.m. EST",30331,30552,21163,-6697
CAL,"12/6/2019 1 p.m. EST",29631,30119,21030,-6017
CAL,"12/6/2019 2 p.m. EST",29057,29656,21589,-5395
CAL,"12/6/2019 3 p.m. EST",28858,29398,20837,-5665
CAL,"12/6/2019 4 p.m. EST",29656,29223,21546,-6277
CAL,"12/6/2019 5 p.m. EST",30726,29527,21611,-6575
CAL,"12/6/2019 6 p.m. EST",31154,30024,20269,-7051
CAL,"12/6/2019 7 p.m. EST",31764,30492,19656,-7617
CAL,"12/6/2019 8 p.m. EST",33088,32228,20965,-8486
CAL,"12/6/2019 9 p.m. EST",34843,34623,20059,-9023
CAL,"12/6/2019 10 p.m. EST",34497,34435,19993,-9454
CAL,"12/6/2019 11 p.m. EST",33780,33612,19857,-9011
CAL,"12/7/2019 12 a.m. EST",32920,32679,19051,-9021
CAL,"12/7/2019 1 a.m. EST",31752,31393,17838,-9166
CAL,"12/7/2019 2 a.m. EST",29868,29474,16761,-8981
CAL,"12/7/2019 3 a.m. EST",27774,27375,15493,-8516
CAL,"12/7/2019 4 a.m. EST",26385,25430,14600,-8473
CAL,"12/7/2019 5 a.m. EST",25293,24334,14432,-8286
CAL,"12/7/2019 6 a.m. EST",24784,23604,14155,-8234
CAL,"12/7/2019 7 a.m. EST",24313,23312,14123,-7963
CAL,"12/7/2019 8 a.m. EST",24409,23497,13963,-8012
CAL,"12/7/2019 9 a.m. EST",25130,24264,13879,-8412
CAL,"12/7/2019 10 a.m. EST",25955,25664,14906,-8423
CAL,"12/7/2019 11 a.m. EST",26754,26612,16893,-8260
CAL,"12/7/2019 12 p.m. EST",27792,27381,18130,-8144
CAL,"12/7/2019 1 p.m. EST",28325,27819,18740,-8087
CAL,"12/7/2019 2 p.m. EST",28611,27922,19492,-7850
CAL,"12/7/2019 3 p.m. EST",28765,27913,19072,-7620
CAL,"12/7/2019 4 p.m. EST",28876,27896,19043,-7955
CAL,"12/7/2019 5 p.m. EST",28989,28097,18125,-8136
CAL,"12/7/2019 6 p.m. EST",29461,28325,18688,-8518
CAL,"12/7/2019 7 p.m. EST",29854,28815,17681,-8446
CAL,"12/7/2019 8 p.m. EST",31060,30203,18989,-8799
CAL,"12/7/2019 9 p.m. EST",32767,32442,18431,-9598
CAL,"12/7/2019 10 p.m. EST",32566,32335,18981,-9592
CAL,"12/7/2019 11 p.m. EST",31884,31636,18190,-9106
CAL,"12/8/2019 12 a.m. EST",31161,30822,18002,-9259
CAL,"12/8/2019 1 a.m. EST",30090,29734,17070,-9292
CAL,"12/8/2019 2 a.m. EST",28507,28140,16239,-9075
CAL,"12/8/2019 3 a.m. EST",26933,26440,15293,-8689
CAL,"12/8/2019 4 a.m. EST",25731,25094,14305,-8493
CAL,"12/8/2019 5 a.m. EST",24712,24098,13421,-8469
CAL,"12/8/2019 6 a.m. EST",24012,23478,13226,-8568
CAL,"12/8/2019 7 a.m. EST",23547,23109,13149,-8276
CAL,"12/8/2019 8 a.m. EST",23492,23155,13210,-8093
CAL,"12/8/2019 9 a.m. EST",23952,23745,13187,-8216
CAL,"12/8/2019 10 a.m. EST",24625,24595,13628,-8767
CAL,"12/8/2019 11 a.m. EST",25332,25339,14557,-8570
CAL,"12/8/2019 12 p.m. EST",25738,25904,15789,-8099
CAL,"12/8/2019 1 p.m. EST",26157,26264,15813,-7800
CAL,"12/8/2019 2 p.m. EST",26301,26284,16522,-7756
CAL,"12/8/2019 3 p.m. EST",26179,26108,16667,-6780
CAL,"12/8/2019 4 p.m. EST",26127,26035,16986,-6700
CAL,"12/8/2019 5 p.m. EST",26413,26197,17682,-6819
CAL,"12/8/2019 6 p.m. EST",26721,26541,16541,-7162
CAL,"12/8/2019 7 p.m. EST",27592,27285,15798,-7753
CAL,"12/8/2019 8 p.m. EST",29704,29240,17291,-9226
CAL,"12/8/2019 9 p.m. EST",32640,31929,18266,-10132
CAL,"12/8/2019 10 p.m. EST",32902,32316,18507,-10070
CAL,"12/8/2019 11 p.m. EST",32544,31968,17917,-10275
CAL,"12/9/2019 12 a.m. EST",31853,31272,17615,-10274
CAL,"12/9/2019 1 a.m. EST",30492,30069,17443,-9508
CAL,"12/9/2019 2 a.m. EST",28324,28243,16344,-8402
CAL,"12/9/2019 3 a.m. EST",26278,26317,15152,-7969
CAL,"12/9/2019 4 a.m. EST",25268,24515,14728,-7719
CAL,"12/9/2019 5 a.m. EST",24452,23691,14349,-7610
CAL,"12/9/2019 6 a.m. EST",24033,23172,14430,-7415
CAL,"12/9/2019 7 a.m. EST",24054,23156,14194,-7393
CAL,"12/9/2019 8 a.m. EST",24880,23965,14164,-7752
CAL,"12/9/2019 9 a.m. EST",26710,25982,15519,-8364
CAL,"12/9/2019 10 a.m. EST",29917,28954,17771,-9744
CAL,"12/9/2019 11 a.m. EST",31384,30564,20022,-9148
CAL,"12/9/2019 12 p.m. EST",31027,30671,20544,-7921
CAL,"12/9/2019 1 p.m. EST",30449,30299,20774,-7626
CAL,"12/9/2019 2 p.m. EST",29716,29773,21093,-6957
CAL,"12/9/2019 3 p.m. EST",29309,29302,20492,-6379
CAL,"12/9/2019 4 p.m. EST",29043,29097,21072,-6063
CAL,"12/9/2019 5 p.m. EST",29031,29212,21114,-5587
CAL,"12/9/2019 6 p.m. EST",29360,29602,20266,-5872
CAL,"12/9/2019 7 p.m. EST",30368,30441,17878,-7384
CAL,"12/9/2019 8 p.m. EST",32418,32230,19701,-9045
CAL,"12/9/2019 9 p.m. EST",35390,35220,20414,-9786
CAL,"12/9/2019 10 p.m. EST",35563,35402,19985,-10229
CAL,"12/9/2019 11 p.m. EST",35049,34812,19594,-10295
CAL,"12/10/2019 12 a.m. EST",34213,33818,19166,-10196
CAL,"12/10/2019 1 a.m. EST",32688,32216,17840,-10052
CAL,"12/10/2019 2 a.m. EST",30219,29924,16364,-9329
CAL,"12/10/2019 3 a.m. EST",27845,27697,15604,-8511
CAL,"12/10/2019 4 a.m. EST",26545,25776,15769,-7856
CAL,"12/10/2019 5 a.m. EST",25919,24862,15393,-7599
CAL,"12/10/2019 6 a.m. EST",25349,24279,15261,-7370
CAL,"12/10/2019 7 a.m. EST",25220,24248,15301,-7188
CAL,"12/10/2019 8 a.m. EST",25963,25005,15408,-7427
CAL,"12/10/2019 9 a.m. EST",27870,26998,16230,-8101
CAL,"12/10/2019 10 a.m. EST",30800,29916,18466,-8844
CAL,"12/10/2019 11 a.m. EST",32186,31258,20542,-8464
CAL,"12/10/2019 12 p.m. EST",31681,31290,20869,-7874
CAL,"12/10/2019 1 p.m. EST",31315,30924,21011,-7853
CAL,"12/10/2019 2 p.m. EST",30591,30464,21230,-6824
CAL,"12/10/2019 3 p.m. EST",29869,30042,20970,-6492
CAL,"12/10/2019 4 p.m. EST",29569,29823,20923,-6598
CAL,"12/10/2019 5 p.m. EST",29825,29971,20225,-6630
CAL,"12/10/2019 6 p.m. EST",30359,30301,19272,-7291
CAL,"12/10/2019 7 p.m. EST",31301,30934,19163,-8291
CAL,"12/10/2019 8 p.m. EST",33097,32695,20463,-8890
CAL,"12/10/2019 9 p.m. EST",35721,35321,20738,-9660
CAL,"12/10/2019 10 p.m. EST",35791,35454,20054,-10148
CAL,"12/10/2019 11 p.m. EST",35303,34937,19740,-10331
CAL,"12/11/2019 12 a.m. EST",34516,34018,18828,-10526
CAL,"12/11/2019 1 a.m. EST",32975,32461,17293,-10364
CAL,"12/11/2019 2 a.m. EST",30589,30101,16530,-9917
CAL,"12/11/2019 3 a.m. EST",28175,27830,16080,-8864
CAL,"12/11/2019 4 a.m. EST",26710,26010,15898,-7759
CAL,"12/11/2019 5 a.m. EST",25776,25039,16094,-7184
CAL,"12/11/2019 6 a.m. EST",25409,24425,16016,-6957
CAL,"12/11/2019 7 a.m. EST",25191,24332,16271,-6710
CAL,"12/11/2019 8 a.m. EST",25936,25058,16087,-6940
CAL,"12/11/2019 9 a.m. EST",27858,27040,16685,-7817
CAL,"12/11/2019 10 a.m. EST",30851,30110,18677,-9028
CAL,"12/11/2019 11 a.m. EST",32256,31506,21375,-8386
CAL,"12/11/2019 12 p.m. EST",31793,31036,22439,-6754
CAL,"12/11/2019 1 p.m. EST",31214,30272,22338,-6344
CAL,"12/11/2019 2 p.m. EST",30882,29652,22097,-6420
CAL,"12/11/2019 3 p.m. EST",30864,29191,22731,-6287
CAL,"12/11/2019 4 p.m. EST",31026,29031,22722,-6257
CAL,"12/11/2019 5 p.m. EST",30948,29247,22791,-6244
CAL,"12/11/2019 6 p.m. EST",31562,29714,21752,-6751
CAL,"12/11/2019 7 p.m. EST",31521,30531,19937,-7199
CAL,"12/11/2019 8 p.m. EST",33320,32359,20823,-8604
CAL,"12/11/2019 9 p.m. EST",32203,35264,21858,-9243
CAL,"12/11/2019 10 p.m. EST",35830,35344,21378,-9597
CAL,"12/11/2019 11 p.m. EST",35340,34725,21071,-9395
CAL,"12/12/2019 12 a.m. EST",34428,33765,19560,-9543
CAL,"12/12/2019 1 a.m. EST",32846,32206,18012,-9885
CAL,"12/12/2019 2 a.m. EST",30425,29882,17172,-9256
CAL,"12/12/2019 3 a.m. EST",28050,27590,16199,-8265
CAL,"12/12/2019 4 a.m. EST",26710,25990,15018,-8271
CAL,"12/12/2019 5 a.m. EST",25634,25034,14561,-8266
CAL,"12/12/2019 6 a.m. EST",24949,24357,14311,-8138
CAL,"12/12/2019 7 a.m. EST",24874,24259,14248,-8208
CAL,"12/12/2019 8 a.m. EST",25559,24957,14211,-8418
CAL,"12/12/2019 9 a.m. EST",27409,26861,15468,-9134
CAL,"12/12/2019 10 a.m. EST",30492,29906,17760,-9761
CAL,"12/12/2019 11 a.m. EST",31930,31333,19782,-10007
CAL,"12/12/2019 12 p.m. EST",31409,31097,20414,-8557
CAL,"12/12/2019 1 p.m. EST",30713,30552,21245,-7372
CAL,"12/12/2019 2 p.m. EST",29664,30024,20702,-6648
CAL,"12/12/2019 3 p.m. EST",29098,29733,20559,-6715
CAL,"12/12/2019 4 p.m. EST",28961,29674,20100,-6783
CAL,"12/12/2019 5 p.m. EST",29504,30053,20359,-7034
CAL,"12/12/2019 6 p.m. EST",30058,30475,20003,-7503
CAL,"12/12/2019 7 p.m. EST",31092,31308,18648,-8117
CAL,"12/12/2019 8 p.m. EST",32848,32915,19517,-9417
CAL,"12/12/2019 9 p.m. EST",35300,35437,19329,-10486
CAL,"12/12/2019 10 p.m. EST",35055,35410,19230,-10862
CAL,"12/12/2019 11 p.m. EST",34446,34740,19133,-10493
CAL,"12/13/2019 12 a.m. EST",33701,33753,18414,-10573
CAL,"12/13/2019 1 a.m. EST",32213,32202,17015,-10543
CAL,"12/13/2019 2 a.m. EST",29870,29930,15512,-9720
CAL,"12/13/2019 3 a.m. EST",27598,27638,14301,-9810
CAL,"12/13/2019 4 a.m. EST",26219,25538,13965,-9059
CAL,"12/13/2019 5 a.m. EST",25188,24544,13981,-8560
CAL,"12/13/2019 6 a.m. EST",24507,23934,13750,-8300
CAL,"12/13/2019 7 a.m. EST",24376,23788,13972,-7905
CAL,"12/13/2019 8 a.m. EST",24974,24444,14362,-7960
CAL,"12/13/2019 9 a.m. EST",26704,26209,15631,-8222
CAL,"12/13/2019 10 a.m. EST",29701,29133,17503,-9256
CAL,"12/13/2019 11 a.m. EST",30954,30576,19892,-9122
CAL,"12/13/2019 12 p.m. EST",30485,30743,21433,-7160
CAL,"12/13/2019 1 p.m. EST",30263,30403,20628,-6000
CAL,"12/13/2019 2 p.m. EST",30142,30079,21285,-6373
CAL,"12/13/2019 3 p.m. EST",29958,29851,21454,-6185
CAL,"12/13/2019 4 p.m. EST",30075,29729,21520,-6006
CAL,"12/13/2019 5 p.m. EST",30125,30001,21490,-6552
CAL,"12/13/2019 6 p.m. EST",30479,30201,20415,-6588
CAL,"12/13/2019 7 p.m. EST",31105,30771,18120,-8014
CAL,"12/13/2019 8 p.m. EST",32824,32377,18931,-9881
CAL,"12/13/2019 9 p.m. EST",35100,34652,18674,-11212
CAL,"12/13/2019 10 p.m. EST",34661,34446,18194,-10944
CAL,"12/13/2019 11 p.m. EST",33890,33646,17728,-10960
CAL,"12/14/2019 12 a.m. EST",33056,32597,18315,-10895
CAL,"12/14/2019 1 a.m. EST",31743,31360,17956,-9738
CAL,"12/14/2019 2 a.m. EST",29792,29511,17295,-8649
CAL,"12/14/2019 3 a.m. EST",27746,27511,15796,-7788
CAL,"12/14/2019 4 a.m. EST",26215,25564,14871,-7852
CAL,"12/14/2019 5 a.m. EST",25089,24519,14466,-7536
CAL,"12/14/2019 6 a.m. EST",24290,23786,14606,-7430
CAL,"12/14/2019 7 a.m. EST",24258,23420,14639,-7345
CAL,"12/14/2019 8 a.m. EST",24433,23573,14694,-7378
CAL,"12/14/2019 9 a.m. EST",25185,24284,14891,-7547
CAL,"12/14/2019 10 a.m. EST",26411,25467,16246,-8147
CAL,"12/14/2019 11 a.m. EST",27265,26318,17881,-7698
CAL,"12/14/2019 12 p.m. EST",27839,26974,18937,-6708
CAL,"12/14/2019 1 p.m. EST",27870,27157,20351,-5297
CAL,"12/14/2019 2 p.m. EST",27657,26616,20648,-4520
CAL,"12/14/2019 3 p.m. EST",27125,26170,20679,-3979
CAL,"12/14/2019 4 p.m. EST",26761,25963,21206,-3755
CAL,"12/14/2019 5 p.m. EST",26672,26185,20986,-3773
CAL,"12/14/2019 6 p.m. EST",27462,26548,18977,-4787
CAL,"12/14/2019 7 p.m. EST",28156,27410,17454,-6273
CAL,"12/14/2019 8 p.m. EST",29903,29444,18593,-7208
CAL,"12/14/2019 9 p.m. EST",32633,32038,18926,-8488
CAL,"12/14/2019 10 p.m. EST",32549,32124,18630,-8730
CAL,"12/14/2019 11 p.m. EST",32029,31618,18185,-9154
CAL,"12/15/2019 12 a.m. EST",31426,30924,18336,-8729
CAL,"12/15/2019 1 a.m. EST",30521,29979,18178,-8646
CAL,"12/15/2019 2 a.m. EST",28950,28458,16744,-7605
CAL,"12/15/2019 3 a.m. EST",27178,26778,16157,-7513
CAL,"12/15/2019 4 a.m. EST",25945,25294,15434,-6958
CAL,"12/15/2019 5 a.m. EST",24979,24296,14838,-7069
CAL,"12/15/2019 6 a.m. EST",24549,23562,14623,-7149
CAL,"12/15/2019 7 a.m. EST",24358,23293,14387,-7262
CAL,"12/15/2019 8 a.m. EST",24472,23410,14576,-7308
CAL,"12/15/2019 9 a.m. EST",25013,24007,14829,-7537
CAL,"12/15/2019 10 a.m. EST",25962,24910,15173,-7964
CAL,"12/15/2019 11 a.m. EST",26423,25386,17288,-7421
CAL,"12/15/2019 12 p.m. EST",25829,25185,18991,-5161
CAL,"12/15/2019 1 p.m. EST",25417,24982,19914,-3675
CAL,"12/15/2019 2 p.m. EST",25141,24446,20461,-3187
CAL,"12/15/2019 3 p.m. EST",24906,24001,19972,-2886
CAL,"12/15/2019 4 p.m. EST",24751,23945,20242,-2751
CAL,"12/15/2019 5 p.m. EST",25004,24027,20185,-2981
CAL,"12/15/2019 6 p.m. EST",25442,24709,18901,-3575
CAL,"12/15/2019 7 p.m. EST",26561,25896,16695,-5585
CAL,"12/15/2019 8 p.m. EST",29433,28543,18072,-7730
CAL,"12/15/2019 9 p.m. EST",33141,32196,18396,-9791
CAL,"12/15/2019 10 p.m. EST",33786,32813,18545,-10443
CAL,"12/15/2019 11 p.m. EST",33708,32498,18515,-10305
CAL,"12/16/2019 12 a.m. EST",33226,31904,17984,-10007
CAL,"12/16/2019 1 a.m. EST",32043,30753,17201,-9844
CAL,"12/16/2019 2 a.m. EST",29874,28900,16337,-9247
CAL,"12/16/2019 3 a.m. EST",27751,26936,15328,-8808
CAL,"12/16/2019 4 a.m. EST",26474,25336,14551,-8100
CAL,"12/16/2019 5 a.m. EST",25660,24566,14212,-7932
CAL,"12/16/2019 6 a.m. EST",25220,24122,14119,-7607
CAL,"12/16/2019 7 a.m. EST",25295,24238,14548,-7493
CAL,"12/16/2019 8 a.m. EST",26189,25163,15397,-7474
CAL,"12/16/2019 9 a.m. EST",28454,27352,16891,-8066
CAL,"12/16/2019 10 a.m. EST",31858,30586,18705,-8885
CAL,"12/16/2019 11 a.m. EST",33407,32100,21316,-9041
CAL,"12/16/2019 12 p.m. EST",32248,31518,22151,-7128
CAL,"12/16/2019 1 p.m. EST",30886,30484,22421,-5826
CAL,"12/16/2019 2 p.m. EST",29728,29490,22034,-5078
CAL,"12/16/2019 3 p.m. EST",28717,28794,22059,-4044
CAL,"12/16/2019 4 p.m. EST",28419,28419,22365,-3945
CAL,"12/16/2019 5 p.m. EST",28475,28580,22531,-3941
CAL,"12/16/2019 6 p.m. EST",28957,28999,20871,-4908
CAL,"12/16/2019 7 p.m. EST",30443,30012,18314,-7041
CAL,"12/16/2019 8 p.m. EST",33153,32364,20950,-8870
CAL,"12/16/2019 9 p.m. EST",36580,35865,22011,-9121
CAL,"12/16/2019 10 p.m. EST",37027,36174,21864,-9333
CAL,"12/16/2019 11 p.m. EST",36661,35709,21830,-9347
CAL,"12/17/2019 12 a.m. EST",35917,34823,20998,-9211
CAL,"12/17/2019 1 a.m. EST",34400,33274,19986,-9400
CAL,"12/17/2019 2 a.m. EST",31899,30874,18666,-8592
CAL,"12/17/2019 3 a.m. EST",29464,28552,17204,-7900
CAL,"12/17/2019 4 a.m. EST",27903,27155,16871,-7676
CAL,"12/17/2019 5 a.m. EST",26881,26222,16271,-7156
CAL,"12/17/2019 6 a.m. EST",26241,25599,16029,-6569
CAL,"12/17/2019 7 a.m. EST",26170,25593,16072,-6464
CAL,"12/17/2019 8 a.m. EST",26993,26448,16718,-7005
CAL,"12/17/2019 9 a.m. EST",29112,28573,18350,-7523
CAL,"12/17/2019 10 a.m. EST",32407,31746,20175,-8536
CAL,"12/17/2019 11 a.m. EST",33833,33131,22020,-8840
CAL,"12/17/2019 12 p.m. EST",33162,32728,22339,-8060
CAL,"12/17/2019 1 p.m. EST",32296,31982,23113,-7325
CAL,"12/17/2019 2 p.m. EST",31228,31356,22974,-5875
CAL,"12/17/2019 3 p.m. EST",30213,30838,22301,-5339
CAL,"12/17/2019 4 p.m. EST",29865,30527,21995,-5407
CAL,"12/17/2019 5 p.m. EST",30124,30545,21528,-6377
CAL,"12/17/2019 6 p.m. EST",30520,30604,20555,-7128
CAL,"12/17/2019 7 p.m. EST",31555,31338,19981,-7537
CAL,"12/17/2019 8 p.m. EST",33604,33472,22145,-8037
CAL,"12/17/2019 9 p.m. EST",36523,36398,21893,-8808
CAL,"12/17/2019 10 p.m. EST",36954,36696,22340,-9058
CAL,"12/17/2019 11 p.m. EST",36658,36223,22490,-8585
CAL,"12/18/2019 12 a.m. EST",35920,35282,21822,-8841
CAL,"12/18/2019 1 a.m. EST",34434,33759,20737,-8822
CAL,"12/18/2019 2 a.m. EST",31831,31384,19334,-7732
CAL,"12/18/2019 3 a.m. EST",29405,29064,18162,-7106
CAL,"12/18/2019 4 a.m. EST",27758,27124,16825,-7019
CAL,"12/18/2019 5 a.m. EST",26683,26158,16406,-6978
CAL,"12/18/2019 6 a.m. EST",26119,25564,16036,-6734
CAL,"12/18/2019 7 a.m. EST",26074,25517,16546,-6715
CAL,"12/18/2019 8 a.m. EST",26893,26271,17099,-6594
CAL,"12/18/2019 9 a.m. EST",28967,28268,18381,-6973
CAL,"12/18/2019 10 a.m. EST",32202,31403,20081,-8698
CAL,"12/18/2019 11 a.m. EST",33731,32927,21091,-8762
CAL,"12/18/2019 12 p.m. EST",33712,32562,22423,-8534
CAL,"12/18/2019 1 p.m. EST",33389,31923,22447,-7683
CAL,"12/18/2019 2 p.m. EST",32804,31189,23260,-6954
CAL,"12/18/2019 3 p.m. EST",31763,30480,22201,-6744
CAL,"12/18/2019 4 p.m. EST",31054,30101,22462,-6660
CAL,"12/18/2019 5 p.m. EST",30867,30116,22406,-6228
CAL,"12/18/2019 6 p.m. EST",31229,30447,22624,-6339
CAL,"12/18/2019 7 p.m. EST",31897,31257,21102,-6300
CAL,"12/18/2019 8 p.m. EST",33872,33365,21997,-8150
CAL,"12/18/2019 9 p.m. EST",36685,36443,23155,-8952
CAL,"12/18/2019 10 p.m. EST",36979,36681,21987,-9090
CAL,"12/18/2019 11 p.m. EST",36525,36166,22227,-9576
CAL,"12/19/2019 12 a.m. EST",35791,35254,21116,-9471
CAL,"12/19/2019 1 a.m. EST",34429,33752,19863,-9361
CAL,"12/19/2019 2 a.m. EST",31998,31413,18600,-8424
CAL,"12/19/2019 3 a.m. EST",29554,29122,18021,-7792
CAL,"12/19/2019 4 a.m. EST",28350,26793,17099,-7943
CAL,"12/19/2019 5 a.m. EST",27331,25772,16769,-7795
CAL,"12/19/2019 6 a.m. EST",26759,25164,16700,-7549
CAL,"12/19/2019 7 a.m. EST",26654,25095,16689,-7563
CAL,"12/19/2019 8 a.m. EST",27351,25861,16765,-7608
CAL,"12/19/2019 9 a.m. EST",29084,27896,17877,-8005
CAL,"12/19/2019 10 a.m. EST",32247,30819,18975,-8916
CAL,"12/19/2019 11 a.m. EST",33744,32205,21858,-9394
CAL,"12/19/2019 12 p.m. EST",32743,31795,22879,-7582
CAL,"12/19/2019 1 p.m. EST",31482,30920,22835,-5371
CAL,"12/19/2019 2 p.m. EST",30543,30044,22899,-5089
CAL,"12/19/2019 3 p.m. EST",29527,29286,22040,-4859
CAL,"12/19/2019 4 p.m. EST",28857,28835,21925,-4872
CAL,"12/19/2019 5 p.m. EST",28935,28846,21550,-4894
CAL,"12/19/2019 6 p.m. EST",29432,29363,20723,-5782
CAL,"12/19/2019 7 p.m. EST",5719,30196,6108,-6750
CAL,"12/19/2019 8 p.m. EST",6103,32342,6475,-9122
CAL,"12/19/2019 9 p.m. EST",6597,35617,7384,-9821
CAL,"12/19/2019 10 p.m. EST",36126,35930,20397,-10187
CAL,"12/19/2019 11 p.m. EST",35784,35466,20209,-10244
CAL,"12/20/2019 12 a.m. EST",35091,34666,19575,-10594
CAL,"12/20/2019 1 a.m. EST",33763,33311,18541,-10327
CAL,"12/20/2019 2 a.m. EST",31678,31073,17608,-9628
CAL,"12/20/2019 3 a.m. EST",29305,28801,16655,-8952
CAL,"12/20/2019 4 a.m. EST",27769,26484,15544,-8640
CAL,"12/20/2019 5 a.m. EST",26690,25470,15160,-8262
CAL,"12/20/2019 6 a.m. EST",26082,24902,15011,-7990
CAL,"12/20/2019 7 a.m. EST",25956,24827,14938,-7926
CAL,"12/20/2019 8 a.m. EST",26692,25529,15261,-8064
CAL,"12/20/2019 9 a.m. EST",28649,27478,15950,-9392
CAL,"12/20/2019 10 a.m. EST",31660,30389,17982,-10591
CAL,"12/20/2019 11 a.m. EST",32959,31728,20299,-10579
CAL,"12/20/2019 12 p.m. EST",31978,31311,20965,-8948
CAL,"12/20/2019 1 p.m. EST",30930,30515,20614,-7897
CAL,"12/20/2019 2 p.m. EST",29924,29700,20339,-7108
CAL,"12/20/2019 3 p.m. EST",29024,29095,20809,-6746
CAL,"12/20/2019 4 p.m. EST",28844,28729,19910,-6509
CAL,"12/20/2019 5 p.m. EST",29110,28893,19545,-7456
CAL,"12/20/2019 6 p.m. EST",29479,29365,18554,-7465
CAL,"12/20/2019 7 p.m. EST",30566,30113,17185,-8857
CAL,"12/20/2019 8 p.m. EST",32696,31861,18821,-10179
CAL,"12/20/2019 9 p.m. EST",35172,34704,19203,-10674
CAL,"12/20/2019 10 p.m. EST",35048,34704,18915,-10553
CAL,"12/20/2019 11 p.m. EST",34358,34006,18099,-10774
CAL,"12/21/2019 12 a.m. EST",33665,33116,18001,-10872
CAL,"12/21/2019 1 a.m. EST",33089,32047,17844,-10405
CAL,"12/21/2019 2 a.m. EST",30772,30209,16914,-9200
CAL,"12/21/2019 3 a.m. EST",28699,28142,15502,-8766
CAL,"12/21/2019 4 a.m. EST",27196,26447,14848,-8191
CAL,"12/21/2019 5 a.m. EST",26057,25339,14259,-7972
CAL,"12/21/2019 6 a.m. EST",25364,24614,14226,-7555
CAL,"12/21/2019 7 a.m. EST",31599,24291,14220,-7297
CAL,"12/21/2019 8 a.m. EST",25144,24480,14450,-7244
CAL,"12/21/2019 9 a.m. EST",25929,25376,14685,-7395
CAL,"12/21/2019 10 a.m. EST",27355,26790,15749,-8113
CAL,"12/21/2019 11 a.m. EST",32189,27549,17355,-8449
CAL,"12/21/2019 12 p.m. EST",32405,27774,17493,-8387
CAL,"12/21/2019 1 p.m. EST",29039,27350,18251,-8221
CAL,"12/21/2019 2 p.m. EST",32490,26675,18415,-7638
CAL,"12/21/2019 3 p.m. EST",27898,26118,18187,-7327
CAL,"12/21/2019 4 p.m. EST",32370,25827,17822,-7384
CAL,"12/21/2019 5 p.m. EST",27363,25859,17127,-7307
CAL,"12/21/2019 6 p.m. EST",32278,26312,16526,-7628
CAL,"12/21/2019 7 p.m. EST",28792,27258,15985,-8309
CAL,"12/21/2019 8 p.m. EST",30668,29276,16635,-9826
CAL,"12/21/2019 9 p.m. EST",33339,32332,17031,-11082
CAL,"12/21/2019 10 p.m. EST",33370,32605,18012,-11165
CAL,"12/21/2019 11 p.m. EST",33037,32048,17368,-10628
CAL,"12/22/2019 12 a.m. EST",32297,31221,17407,-10592
CAL,"12/22/2019 1 a.m. EST",31341,30242,17289,-9867
CAL,"12/22/2019 2 a.m. EST",32475,28730,16747,-8878
CAL,"12/22/2019 3 a.m. EST",32132,26995,15721,-7969
CAL,"12/22/2019 4 a.m. EST",26438,25773,15550,-7280
CAL,"12/22/2019 5 a.m. EST",25346,24761,14767,-6889
CAL,"12/22/2019 6 a.m. EST",24640,24056,14445,-6544
CAL,"12/22/2019 7 a.m. EST",31433,23699,14636,-6262
CAL,"12/22/2019 8 a.m. EST",24250,23768,14893,-6191
CAL,"12/22/2019 9 a.m. EST",31596,24303,15065,-6238
CAL,"12/22/2019 10 a.m. EST",25928,25192,15522,-6817
CAL,"12/22/2019 11 a.m. EST",31952,25756,17064,-7264
CAL,"12/22/2019 12 p.m. EST",27704,25964,18799,-6734
CAL,"12/22/2019 1 p.m. EST",27866,26076,18760,-6521
CAL,"12/22/2019 2 p.m. EST",27961,25890,19363,-6385
CAL,"12/22/2019 3 p.m. EST",27770,25568,19040,-6326
CAL,"12/22/2019 4 p.m. EST",27503,25430,18635,-6211
CAL,"12/22/2019 5 p.m. EST",27711,25494,17934,-6462
CAL,"12/22/2019 6 p.m. EST",28174,26124,17594,-7401
CAL,"12/22/2019 7 p.m. EST",28781,27001,17347,-7535
CAL,"12/22/2019 8 p.m. EST",30601,29235,18019,-8452
CAL,"12/22/2019 9 p.m. EST",33197,32460,19126,-9372
CAL,"12/22/2019 10 p.m. EST",33296,32964,19053,-9418
CAL,"12/22/2019 11 p.m. EST",32929,32618,18555,-9351
CAL,"12/23/2019 12 a.m. EST",32357,31887,17632,-9323
CAL,"12/23/2019 1 a.m. EST",31344,30840,18141,-9040
CAL,"12/23/2019 2 a.m. EST",29469,28969,16859,-8302
CAL,"12/23/2019 3 a.m. EST",27440,27032,15959,-7677
CAL,"12/23/2019 4 a.m. EST",26105,25745,15536,-6991
CAL,"12/23/2019 5 a.m. EST",25116,24923,14894,-6801
CAL,"12/23/2019 6 a.m. EST",24637,24454,15099,-6637
CAL,"12/23/2019 7 a.m. EST",24745,24438,15973,-6253
CAL,"12/23/2019 8 a.m. EST",25459,25269,16352,-6099
CAL,"12/23/2019 9 a.m. EST",27044,27183,16918,-6763
CAL,"12/23/2019 10 a.m. EST",29159,30101,17484,-7857
CAL,"12/23/2019 11 a.m. EST",31085,31814,18686,-8703
CAL,"12/23/2019 12 p.m. EST",32370,32198,19617,-8728
CAL,"12/23/2019 1 p.m. EST",32862,31825,20095,-8944
CAL,"12/23/2019 2 p.m. EST",32655,31237,19958,-8842
CAL,"12/23/2019 3 p.m. EST",32197,30597,19825,-8842
CAL,"12/23/2019 4 p.m. EST",31740,30193,19442,-8979
CAL,"12/23/2019 5 p.m. EST",31350,30174,19040,-9161
CAL,"12/23/2019 6 p.m. EST",31341,30362,19191,-8973
CAL,"12/23/2019 7 p.m. EST",31666,30973,18737,-8825
CAL,"12/23/2019 8 p.m. EST",33089,32869,19570,-9180
CAL,"12/23/2019 9 p.m. EST",35556,35941,20301,-9825
CAL,"12/23/2019 10 p.m. EST",35634,36380,20578,-9638
CAL,"12/23/2019 11 p.m. EST",35119,35934,20501,-9486
CAL,"12/24/2019 12 a.m. EST",34421,35037,19723,-9520
CAL,"12/24/2019 1 a.m. EST",33252,33605,19484,-9090
CAL,"12/24/2019 2 a.m. EST",31308,31275,18347,-8592
CAL,"12/24/2019 3 a.m. EST",29095,29106,17187,-8217
CAL,"12/24/2019 4 a.m. EST",27278,26963,16412,-7222
CAL,"12/24/2019 5 a.m. EST",26111,25916,16079,-6925
CAL,"12/24/2019 6 a.m. EST",25599,25270,16373,-6509
CAL,"12/24/2019 7 a.m. EST",25429,25030,16180,-6473
CAL,"12/24/2019 8 a.m. EST",25812,25312,16190,-6472
CAL,"12/24/2019 9 a.m. EST",27022,26342,16877,-6935
CAL,"12/24/2019 10 a.m. EST",28887,28071,18210,-7675
CAL,"12/24/2019 11 a.m. EST",30027,29348,19540,-7935
CAL,"12/24/2019 12 p.m. EST",30012,29670,20216,-7143
CAL,"12/24/2019 1 p.m. EST",29176,29407,21126,-5709
CAL,"12/24/2019 2 p.m. EST",28617,28952,21752,-5035
CAL,"12/24/2019 3 p.m. EST",28155,28417,22027,-4579
CAL,"12/24/2019 4 p.m. EST",27958,28101,22203,-4144
CAL,"12/24/2019 5 p.m. EST",28256,28158,22219,-4133
CAL,"12/24/2019 6 p.m. EST",28290,28583,20130,-4411
CAL,"12/24/2019 7 p.m. EST",29084,29263,18261,-5900
CAL,"12/24/2019 8 p.m. EST",30765,31131,19172,-7004
CAL,"12/24/2019 9 p.m. EST",33125,34071,19092,-8521
CAL,"12/24/2019 10 p.m. EST",32461,33919,18673,-8495
CAL,"12/24/2019 11 p.m. EST",31489,33314,18265,-8492
CAL,"12/25/2019 12 a.m. EST",30791,32551,17993,-8252
CAL,"12/25/2019 1 a.m. EST",30142,31552,17777,-8272
CAL,"12/25/2019 2 a.m. EST",28988,29923,17135,-7703
CAL,"12/25/2019 3 a.m. EST",27491,28160,16601,-7268
CAL,"12/25/2019 4 a.m. EST",26218,26359,15818,-6815
CAL,"12/25/2019 5 a.m. EST",25390,25432,15170,-6985
CAL,"12/25/2019 6 a.m. EST",24860,24777,15238,-7000
CAL,"12/25/2019 7 a.m. EST",24441,24507,15276,-6635
CAL,"12/25/2019 8 a.m. EST",24508,24689,15542,-6571
CAL,"12/25/2019 9 a.m. EST",25081,25399,15686,-6674
CAL,"12/25/2019 10 a.m. EST",25964,26646,16144,-6967
CAL,"12/25/2019 11 a.m. EST",26484,27472,17898,-6527
CAL,"12/25/2019 12 p.m. EST",26429,27986,20089,-5491
CAL,"12/25/2019 1 p.m. EST",25894,28244,20802,-3642
CAL,"12/25/2019 2 p.m. EST",26068,28065,20811,-3787
CAL,"12/25/2019 3 p.m. EST",26067,27743,20305,-3843
CAL,"12/25/2019 4 p.m. EST",26303,27346,20389,-4583
CAL,"12/25/2019 5 p.m. EST",26354,27183,19013,-5375
CAL,"12/25/2019 6 p.m. EST",26649,27302,17051,-6235
CAL,"12/25/2019 7 p.m. EST",27097,27897,16080,-7263
CAL,"12/25/2019 8 p.m. EST",28874,29495,16582,-8284
CAL,"12/25/2019 9 p.m. EST",31113,31762,17034,-9331
CAL,"12/25/2019 10 p.m. EST",31134,32079,16909,-9151
CAL,"12/25/2019 11 p.m. EST",30939,31922,17128,-9120
CAL,"12/26/2019 12 a.m. EST",30710,31402,17510,-9412
CAL,"12/26/2019 1 a.m. EST",29989,30495,17604,-8537
CAL,"12/26/2019 2 a.m. EST",28601,28942,16558,-8019
CAL,"12/26/2019 3 a.m. EST",26994,27168,16284,-7699
CAL,"12/26/2019 4 a.m. EST",25654,26242,15416,-6776
CAL,"12/26/2019 5 a.m. EST",24960,25364,14896,-6742
CAL,"12/26/2019 6 a.m. EST",24724,24770,14674,-6991
CAL,"12/26/2019 7 a.m. EST",24714,24726,15087,-7135
CAL,"12/26/2019 8 a.m. EST",25298,25449,15370,-7120
CAL,"12/26/2019 9 a.m. EST",26438,27211,15988,-7034
CAL,"12/26/2019 10 a.m. EST",28624,29989,17121,-7686
CAL,"12/26/2019 11 a.m. EST",30184,31643,18202,-8111
CAL,"12/26/2019 12 p.m. EST",31085,31774,18965,-8135
CAL,"12/26/2019 1 p.m. EST",30908,31267,19307,-7902
CAL,"12/26/2019 2 p.m. EST",30502,30712,19609,-7741
CAL,"12/26/2019 3 p.m. EST",30199,29879,19637,-7550
CAL,"12/26/2019 4 p.m. EST",29660,29413,19398,-7235
CAL,"12/26/2019 5 p.m. EST",29625,29319,19512,-6973
CAL,"12/26/2019 6 p.m. EST",29870,29414,19434,-7081
CAL,"12/26/2019 7 p.m. EST",30611,30175,18731,-7853
CAL,"12/26/2019 8 p.m. EST",32493,31883,20152,-8178
CAL,"12/26/2019 9 p.m. EST",35461,35031,20601,-8975
CAL,"12/26/2019 10 p.m. EST",35796,35348,20814,-9457
CAL,"12/26/2019 11 p.m. EST",35288,34842,20320,-9458
CAL,"12/27/2019 12 a.m. EST",34653,34076,20408,-9442
CAL,"12/27/2019 1 a.m. EST",33480,32719,19939,-8853
CAL,"12/27/2019 2 a.m. EST",31331,30618,18421,-8047
CAL,"12/27/2019 3 a.m. EST",29155,28513,16831,-8243
CAL,"12/27/2019 4 a.m. EST",27650,26072,16157,-7812
CAL,"12/27/2019 5 a.m. EST",26769,25185,16243,-7522
CAL,"12/27/2019 6 a.m. EST",26348,24686,16097,-7314
CAL,"12/27/2019 7 a.m. EST",26131,24690,16484,-7081
CAL,"12/27/2019 8 a.m. EST",26520,25421,16344,-6865
CAL,"12/27/2019 9 a.m. EST",27786,27059,16422,-7408
CAL,"12/27/2019 10 a.m. EST",30045,29572,17218,-8914
CAL,"12/27/2019 11 a.m. EST",31234,30813,20325,-9179
CAL,"12/27/2019 12 p.m. EST",30691,30660,21169,-6748
CAL,"12/27/2019 1 p.m. EST",29616,29707,21015,-5690
CAL,"12/27/2019 2 p.m. EST",28440,28663,21044,-5203
CAL,"12/27/2019 3 p.m. EST",27612,27682,21384,-4464
CAL,"12/27/2019 4 p.m. EST",27110,27023,21548,-4117
CAL,"12/27/2019 5 p.m. EST",27253,26847,21385,-3875
CAL,"12/27/2019 6 p.m. EST",27372,27133,20247,-4275
CAL,"12/27/2019 7 p.m. EST",28686,28023,17491,-6168
CAL,"12/27/2019 8 p.m. EST",31203,30235,18128,-8732
CAL,"12/27/2019 9 p.m. EST",34377,33732,19316,-10173
CAL,"12/27/2019 10 p.m. EST",34747,34251,19370,-10457
CAL,"12/27/2019 11 p.m. EST",34391,33773,19183,-10037
CAL,"12/28/2019 12 a.m. EST",33816,33143,18875,-10102
CAL,"12/28/2019 1 a.m. EST",32765,32132,17858,-10106
CAL,"12/28/2019 2 a.m. EST",30964,30502,17189,-9590
CAL,"12/28/2019 3 a.m. EST",28914,28614,16678,-8685
CAL,"12/28/2019 4 a.m. EST",27401,26935,16051,-8103
CAL,"12/28/2019 5 a.m. EST",26374,25920,15115,-7601
CAL,"12/28/2019 6 a.m. EST",25682,25275,15171,-7760
CAL,"12/28/2019 7 a.m. EST",25446,25021,14915,-7587
CAL,"12/28/2019 8 a.m. EST",25627,25306,14921,-7685
CAL,"12/28/2019 9 a.m. EST",26504,26174,14545,-8300
CAL,"12/28/2019 10 a.m. EST",27864,27478,15746,-9604
CAL,"12/28/2019 11 a.m. EST",28432,28091,17464,-9120
CAL,"12/28/2019 12 p.m. EST",28055,27977,19082,-7666
CAL,"12/28/2019 1 p.m. EST",27119,27233,18208,-6194
CAL,"12/28/2019 2 p.m. EST",26441,26233,18840,-5998
CAL,"12/28/2019 3 p.m. EST",25776,25211,18275,-5554
CAL,"12/28/2019 4 p.m. EST",25238,24546,18724,-5251
CAL,"12/28/2019 5 p.m. EST",25040,24264,17903,-5049
CAL,"12/28/2019 6 p.m. EST",25491,24636,17172,-5645
CAL,"12/28/2019 7 p.m. EST",26591,25728,15265,-7105
CAL,"12/28/2019 8 p.m. EST",29076,28392,16488,-8927
CAL,"12/28/2019 9 p.m. EST",32547,32305,17622,-9895
CAL,"12/28/2019 10 p.m. EST",33078,32801,17675,-10339
CAL,"12/28/2019 11 p.m. EST",32824,32365,17881,-10398
CAL,"12/29/2019 12 a.m. EST",32378,31770,17655,-10253
CAL,"12/29/2019 1 a.m. EST",31446,31012,16951,-10466
CAL,"12/29/2019 2 a.m. EST",29841,29575,16318,-9601
CAL,"12/29/2019 3 a.m. EST",28020,27912,16097,-8675
CAL,"12/29/2019 4 a.m. EST",26596,26325,14954,-7935
CAL,"12/29/2019 5 a.m. EST",25559,25296,14646,-7643
CAL,"12/29/2019 6 a.m. EST",24924,24505,14579,-7254
CAL,"12/29/2019 7 a.m. EST",24620,24144,14548,-6821
CAL,"12/29/2019 8 a.m. EST",24670,24293,14328,-6966
CAL,"12/29/2019 9 a.m. EST",25224,24889,14716,-7324
CAL,"12/29/2019 10 a.m. EST",26243,25826,15410,-7640
CAL,"12/29/2019 11 a.m. EST",26590,26249,16698,-7642
CAL,"12/29/2019 12 p.m. EST",26644,26371,17302,-6921
CAL,"12/29/2019 1 p.m. EST",26679,26004,18234,-6383
CAL,"12/29/2019 2 p.m. EST",26329,25371,17623,-6237
CAL,"12/29/2019 3 p.m. EST",26100,24784,19350,-5786
CAL,"12/29/2019 4 p.m. EST",26516,24594,17767,-6030
CAL,"12/29/2019 5 p.m. EST",26446,24565,17959,-6343
CAL,"12/29/2019 6 p.m. EST",27062,24995,17206,-6903
CAL,"12/29/2019 7 p.m. EST",28152,26185,15953,-8024
CAL,"12/29/2019 8 p.m. EST",30182,28758,17482,-9028
CAL,"12/29/2019 9 p.m. EST",33071,32490,18034,-9965
CAL,"12/29/2019 10 p.m. EST",33337,33241,18027,-10189
CAL,"12/29/2019 11 p.m. EST",32980,32986,18112,-10062
CAL,"12/30/2019 12 a.m. EST",32238,32276,18390,-9365
CAL,"12/30/2019 1 a.m. EST",31114,31142,17749,-9016
CAL,"12/30/2019 2 a.m. EST",29178,29249,16699,-8299
CAL,"12/30/2019 3 a.m. EST",27145,27220,15647,-7472
CAL,"12/30/2019 4 a.m. EST",25767,25654,15277,-7359
CAL,"12/30/2019 5 a.m. EST",24815,24777,15039,-6681
CAL,"12/30/2019 6 a.m. EST",24277,24348,14834,-6449
CAL,"12/30/2019 7 a.m. EST",24184,24428,14069,-6382
CAL,"12/30/2019 8 a.m. EST",24808,25262,14631,-7213
CAL,"12/30/2019 9 a.m. EST",26364,27157,15236,-7727
CAL,"12/30/2019 10 a.m. EST",28750,29726,16621,-8583
CAL,"12/30/2019 11 a.m. EST",30262,31155,18167,-8963
CAL,"12/30/2019 12 p.m. EST",30790,31129,18927,-8873
CAL,"12/30/2019 1 p.m. EST",30442,30524,19811,-7903
CAL,"12/30/2019 2 p.m. EST",29792,29728,20576,-6865
CAL,"12/30/2019 3 p.m. EST",29114,28998,20942,-5999
CAL,"12/30/2019 4 p.m. EST",28701,28486,20412,-5431
CAL,"12/30/2019 5 p.m. EST",28447,28467,20111,-5808
CAL,"12/30/2019 6 p.m. EST",28644,28764,19297,-5995
CAL,"12/30/2019 7 p.m. EST",29624,29582,18254,-7510
CAL,"12/30/2019 8 p.m. EST",31564,31564,18807,-8967
CAL,"12/30/2019 9 p.m. EST",34638,34990,19963,-9816
CAL,"12/30/2019 10 p.m. EST",34943,35583,19510,-9987
CAL,"12/30/2019 11 p.m. EST",34447,35029,19212,-10029
CAL,"12/31/2019 12 a.m. EST",33678,34129,18904,-9727
